Ôªøtimestamp,user_id,username,first_name,last_name,direction,message_type,message_text,query_type,comuni,metrics,character_count,word_count
2025-08-31 16:10:26.319715,1074324540,giu,giu,gas,OUT,RESPONSE,"**Come usare il bot**  Scrivimi una domanda sui dati socio‚Äëeconomici comunali.  **Esempi** - Popolazione di Milano e Roma - Pensionati Napoli e Milano rispetto alla popolazione 2015‚Äë2023 - Quota reddito da lavoro dipendente su totale Roma, Milano - Ricchezza media Torino 2010‚Äë2020  **Comandi** /start ¬∑ /help ¬∑ /info ¬∑ /plot",HELP,,,325,50
2025-08-31 16:21:18.275723,1074324540,giu,giu,gas,OUT,RESPONSE,"**Come usare il bot**  Scrivimi una domanda sui dati socio‚Äëeconomici comunali.  **Esempi** - Popolazione di Milano e Roma - Pensionati Napoli e Milano rispetto alla popolazione 2015‚Äë2023 - Quota reddito da lavoro dipendente su totale Roma, Milano - Ricchezza media Torino 2010‚Äë2020  **Comandi** /start ¬∑ /help ¬∑ /info ¬∑ /plot",HELP,,,325,50
2025-08-31 16:41:51.855257,1074324540,giu,giu,gas,OUT,RESPONSE,Ciao giu!  Sono il bot per informazioni socio-economiche comunali. Scrivimi una richiesta (es. 'pensionati Napoli e Milano rispetto alla popolazione 2015-2023') oppure usa /help per esempi.,START,,,189,26
2025-08-31 16:41:57.385883,1074324540,giu,giu,gas,OUT,RESPONSE,"**Informazioni sul Bot**  Autore: Giulio Albano (Univ. Bari, tirocinio Banca d'Italia) Fonti: ISTAT, MEF, MIUR, Infocamere, Eurostat Il bot normalizza i dati, calcola metriche derivate (pro capite, quote, crescite) e genera grafici leggibili.",HELP,,,242,33
2025-08-31 16:42:03.966938,1074324540,giu,giu,gas,OUT,RESPONSE,"**Informazioni sul Bot**  Autore: Giulio Albano (Univ. Bari, tirocinio Banca d'Italia) Fonti: ISTAT, MEF, MIUR, Infocamere, Eurostat Il bot normalizza i dati, calcola metriche derivate (pro capite, quote, crescite) e genera grafici leggibili.",INFO,,,242,33
2025-08-31 16:42:08.050855,1074324540,giu,giu,gas,OUT,RESPONSE,"**Informazioni sul Bot**  Autore: Giulio Albano (Univ. Bari, tirocinio Banca d'Italia) Fonti: ISTAT, MEF, MIUR, Infocamere, Eurostat Il bot normalizza i dati, calcola metriche derivate (pro capite, quote, crescite) e genera grafici leggibili.",HELP,,,242,33
2025-08-31 16:42:49.947623,1074324540,giu,giu,gas,OUT,CHART,Milano redditi,single_comune,,"total_income,average_income",14,2
2025-08-31 16:44:52.599588,1074324540,giu,giu,gas,OUT,CHART,"Average income , Milan, line graphs",single_comune,,total_income,35,6
2025-08-31 16:46:58.782818,1074324540,giu,giu,gas,OUT,CHART,Bari reddito medio negli anni,single_comune,,total_income,29,5
2025-08-31 16:53:22.186459,1074324540,giu,giu,gas,OUT,RESPONSE,"**Come usare il bot**  Scrivimi una domanda sui dati socio‚Äëeconomici comunali.  **Esempi** - Popolazione di Milano e Roma - Pensionati Napoli e Milano rispetto alla popolazione 2015‚Äë2023 - Quota reddito da lavoro dipendente su totale Roma, Milano - Ricchezza media Torino 2010‚Äë2020  **Comandi** /start ¬∑ /help ¬∑ /info ¬∑ /plot  **Variabili disponibili (parziale)** `anno`, `anno_di_imposta`, `pop_totale`, `iscritti_altrocom_com`, `iscritti_estero_com`, `iscritti_altri_com`, `cancellati_altrocom_com`, `cancellati_estero_com`, `cancellati_altri_com`, `saldo_migratorio_tot_com`, `saldo_migratorio_estero_com`, `laureati_tot`, `laureati_res_tot`, `laureati_res_femmine`, `laureati_res_maschi`, `numero_contribuenti`, `reddito_da_fabbricati_frequenza`, `reddito_da_fabbricati_ammontare_in_euro`, `reddito_da_lavoro_dipendente_frequenza`, `reddito_da_lavoro_dipendente_ammontare_in_euro`",HELP,,,884,73
2025-08-31 16:53:34.789600,1074324540,giu,giu,gas,OUT,CHART,Milano popolazione,single_comune,milano,total_income,18,2
2025-08-31 16:53:51.947623,1074324540,giu,giu,gas,OUT,CHART,Redditi Milano nel tempo,single_comune,milano,total_income,24,4
2025-08-31 16:54:14.485741,1074324540,giu,giu,gas,OUT,CHART,Bari e Palermo gini index nel tempo,single_comune,bari,total_income,35,7
2025-08-31 18:39:46.315510,1074324540,giu,giu,gas,OUT,RESPONSE,"**Come usare il bot**  Scrivimi una domanda sui dati socio‚Äëeconomici comunali.  **Esempi** - Popolazione di Milano e Roma - Pensionati Napoli e Milano rispetto alla popolazione 2015‚Äë2023 - Quota reddito da lavoro dipendente su totale Roma, Milano - Ricchezza media Torino 2010‚Äë2020  **Comandi** /start ¬∑ /help ¬∑ /info ¬∑ /plot  **Variabili disponibili (parziale)** `anno`, `anno_di_imposta`, `pop_totale`, `iscritti_altrocom_com`, `iscritti_estero_com`, `iscritti_altri_com`, `cancellati_altrocom_com`, `cancellati_estero_com`, `cancellati_altri_com`, `saldo_migratorio_tot_com`, `saldo_migratorio_estero_com`, `laureati_tot`, `laureati_res_tot`, `laureati_res_femmine`, `laureati_res_maschi`, `numero_contribuenti`, `reddito_da_fabbricati_frequenza`, `reddito_da_fabbricati_ammontare_in_euro`, `reddito_da_lavoro_dipendente_frequenza`, `reddito_da_lavoro_dipendente_ammontare_in_euro`",HELP,,,884,73
2025-08-31 18:40:00.031899,1074324540,giu,giu,gas,OUT,CHART,Popolazione Milano,single_comune,Milano,pop_totale,18,2
2025-08-31 18:40:22.493472,1074324540,giu,giu,gas,OUT,CHART,Popolazione Milano nel tempo,time_series,Milano,pop_totale,28,4
2025-08-31 18:40:47.578328,1074324540,giu,giu,gas,OUT,CHART,Popolazione bari napoli Milano e Roma nel tempo,time_series,"Bari,Napoli,Milano,Roma",pop_totale,47,8
2025-08-31 18:41:11.280490,1074324540,giu,giu,gas,OUT,CHART,Popolazione Roma Milano e napoli nel tempo,time_series,"Roma,Milano,Napoli",pop_totale,42,7
2025-08-31 18:41:49.082372,1074324540,giu,giu,gas,OUT,CHART,Dammi i pensionati a Milano,single_comune,Milano,reddito_da_pensione_frequenza,27,5
2025-08-31 18:42:17.443295,1074324540,giu,giu,gas,OUT,CHART,Gini index nel tempo bari milano Palermo,time_series,"Bari,Milano,Palermo",gini_index,40,7
2025-08-31 19:00:47.165458,1074324540,giu,giu,gas,OUT,RESPONSE,"**Come usare il bot**  Scrivimi una domanda sui dati socio‚Äëeconomici comunali.  **Esempi** - Popolazione di Milano e Roma - Pensionati Napoli e Milano rispetto alla popolazione 2015‚Äë2023 - Quota reddito da lavoro dipendente su totale Roma, Milano - Ricchezza media Torino 2010‚Äë2020  **Comandi** /start ¬∑ /help ¬∑ /info ¬∑ /plot  **Variabili disponibili (parziale)** `anno`, `anno_di_imposta`, `pop_totale`, `iscritti_altrocom_com`, `iscritti_estero_com`, `iscritti_altri_com`, `cancellati_altrocom_com`, `cancellati_estero_com`, `cancellati_altri_com`, `saldo_migratorio_tot_com`, `saldo_migratorio_estero_com`, `laureati_tot`, `laureati_res_tot`, `laureati_res_femmine`, `laureati_res_maschi`, `numero_contribuenti`, `reddito_da_fabbricati_frequenza`, `reddito_da_fabbricati_ammontare_in_euro`, `reddito_da_lavoro_dipendente_frequenza`, `reddito_da_lavoro_dipendente_ammontare_in_euro`",HELP,,,884,73
2025-08-31 19:00:47.458609,1074324540,giu,giu,gas,OUT,RESPONSE,"**Come usare il bot**  Scrivimi una domanda sui dati socio‚Äëeconomici comunali.  **Esempi** - Popolazione di Milano e Roma - Pensionati Napoli e Milano rispetto alla popolazione 2015‚Äë2023 - Quota reddito da lavoro dipendente su totale Roma, Milano - Ricchezza media Torino 2010‚Äë2020  **Comandi** /start ¬∑ /help ¬∑ /info ¬∑ /plot  **Variabili disponibili (parziale)** `anno`, `anno_di_imposta`, `pop_totale`, `iscritti_altrocom_com`, `iscritti_estero_com`, `iscritti_altri_com`, `cancellati_altrocom_com`, `cancellati_estero_com`, `cancellati_altri_com`, `saldo_migratorio_tot_com`, `saldo_migratorio_estero_com`, `laureati_tot`, `laureati_res_tot`, `laureati_res_femmine`, `laureati_res_maschi`, `numero_contribuenti`, `reddito_da_fabbricati_frequenza`, `reddito_da_fabbricati_ammontare_in_euro`, `reddito_da_lavoro_dipendente_frequenza`, `reddito_da_lavoro_dipendente_ammontare_in_euro`",HELP,,,884,73
2025-08-31 19:00:50.843291,1074324540,giu,giu,gas,OUT,RESPONSE,Ciao giu!  Sono il bot per informazioni socio-economiche comunali. Scrivimi una richiesta (es. 'pensionati Napoli e Milano rispetto alla popolazione 2015-2023') oppure usa /help per esempi.,START,,,189,26
2025-08-31 19:00:53.037950,1074324540,giu,giu,gas,OUT,RESPONSE,"**Informazioni sul Bot**  Autore: Giulio Albano (Univ. Bari, tirocinio Banca d'Italia) Fonti: ISTAT, MEF, MIUR, Infocamere, Eurostat Il bot normalizza i dati, calcola metriche derivate (pro capite, quote, crescite) e genera grafici leggibili.",INFO,,,242,33
2025-08-31 19:01:06.005882,1074324540,giu,giu,gas,OUT,CHART,"Milano e Roma, redditi medi",compare_comuni,"Milano,Roma",average_income,27,5
2025-08-31 19:01:06.905043,1074324540,giu,giu,gas,OUT,CHART,"Milano e Roma, redditi medi",compare_comuni,"Milano,Roma",average_income,27,5
2025-08-31 19:01:22.856421,1074324540,giu,giu,gas,OUT,CHART,Milano e Roma redditi medi nel tempo,time_series,"Milano,Roma",average_income,36,7
2025-08-31 19:01:25.457048,1074324540,giu,giu,gas,OUT,CHART,Milano e Roma redditi medi nel tempo,time_series,"Milano,Roma",average_income,36,7
2025-08-31 19:01:47.775812,1074324540,giu,giu,gas,OUT,CHART,Il reddito medio di Roma e il reddito medio di Milano nel tempo,time_series,"Roma,Milano",average_income,63,13
2025-08-31 19:01:59.896523,1074324540,giu,giu,gas,OUT,CHART,Reddito medio bari nel tempo,time_series,Bari,average_income,28,5
2025-08-31 19:02:00.001482,1074324540,giu,giu,gas,OUT,CHART,Reddito medio bari nel tempo,time_series,Bari,average_income,28,5
2025-08-31 19:02:23.572854,1074324540,giu,giu,gas,OUT,CHART,Pensionati rispetto alla popolazione Padova e brindisi,compare_comuni,"Padova,Brindisi","reddito_da_pensione_frequenza,pop_totale",54,7
2025-08-31 19:22:21.319274,1074324540,giu,giu,gas,OUT,CHART,Milano Padova gini index nel tempo,time_series,"Milano,Padova",gini_index,34,6
2025-08-31 19:22:50.222172,1074324540,giu,giu,gas,OUT,CHART,Bari e Milano serie storica pensionati,time_series,"Bari,Milano",reddito_da_pensione_frequenza,38,6
2025-08-31 19:50:37.070886,1074324540,giu,giu,gas,OUT,CHART,Milano e Roma redditi medi nel tempo,time_series,"Milano,Roma",average_income,36,7
2025-08-31 19:51:23.277716,1074324540,giu,giu,gas,OUT,CHART,Gini index Bari e Padova nel tempo,time_series,"Bari,Padova",gini_index,34,7
2025-08-31 19:51:42.831181,1074324540,giu,giu,gas,OUT,CHART,Disuguaglianze Roma e Torino nel tempo,time_series,"Roma,Torino",gini_index,38,6
2025-08-31 19:52:09.239577,1074324540,giu,giu,gas,OUT,CHART,Pensionati totali torino Padova e Bologna nel 2004,compare_comuni,"Torino,Padova,Bologna",reddito_da_pensione_frequenza,50,8
2025-08-31 19:52:41.837239,1074324540,giu,giu,gas,OUT,RESPONSE,"**Come usare il bot**  Scrivimi una domanda sui dati socio‚Äëeconomici comunali.  **Esempi** - Popolazione di Milano e Roma - Pensionati Napoli e Milano rispetto alla popolazione 2015‚Äë2023 - Quota reddito da lavoro dipendente su totale Roma, Milano - Ricchezza media Torino 2010‚Äë2020  **Comandi** /start ¬∑ /help ¬∑ /info ¬∑ /plot  **Variabili disponibili (parziale)** `anno`, `anno_di_imposta`, `pop_totale`, `iscritti_altrocom_com`, `iscritti_estero_com`, `iscritti_altri_com`, `cancellati_altrocom_com`, `cancellati_estero_com`, `cancellati_altri_com`, `saldo_migratorio_tot_com`, `saldo_migratorio_estero_com`, `laureati_tot`, `laureati_res_tot`, `laureati_res_femmine`, `laureati_res_maschi`, `numero_contribuenti`, `reddito_da_fabbricati_frequenza`, `reddito_da_fabbricati_ammontare_in_euro`, `reddito_da_lavoro_dipendente_frequenza`, `reddito_da_lavoro_dipendente_ammontare_in_euro`",HELP,,,884,73
2025-08-31 19:53:06.583340,1074324540,giu,giu,gas,OUT,RESPONSE,"**Come usare il bot**  Scrivimi una domanda sui dati socio‚Äëeconomici comunali.  **Esempi** - Popolazione di Milano e Roma - Pensionati Napoli e Milano rispetto alla popolazione 2015‚Äë2023 - Quota reddito da lavoro dipendente su totale Roma, Milano - Ricchezza media Torino 2010‚Äë2020  **Comandi** /start ¬∑ /help ¬∑ /info ¬∑ /plot  **Variabili disponibili (parziale)** `anno`, `anno_di_imposta`, `pop_totale`, `iscritti_altrocom_com`, `iscritti_estero_com`, `iscritti_altri_com`, `cancellati_altrocom_com`, `cancellati_estero_com`, `cancellati_altri_com`, `saldo_migratorio_tot_com`, `saldo_migratorio_estero_com`, `laureati_tot`, `laureati_res_tot`, `laureati_res_femmine`, `laureati_res_maschi`, `numero_contribuenti`, `reddito_da_fabbricati_frequenza`, `reddito_da_fabbricati_ammontare_in_euro`, `reddito_da_lavoro_dipendente_frequenza`, `reddito_da_lavoro_dipendente_ammontare_in_euro`",HELP,,,884,73
2025-08-31 19:53:15.380355,1074324540,giu,giu,gas,OUT,RESPONSE,"**Come usare il bot**  Scrivimi una domanda sui dati socio‚Äëeconomici comunali.  **Esempi** - Popolazione di Milano e Roma - Pensionati Napoli e Milano rispetto alla popolazione 2015‚Äë2023 - Quota reddito da lavoro dipendente su totale Roma, Milano - Ricchezza media Torino 2010‚Äë2020  **Comandi** /start ¬∑ /help ¬∑ /info ¬∑ /plot  **Variabili disponibili (parziale)** `anno`, `anno_di_imposta`, `pop_totale`, `iscritti_altrocom_com`, `iscritti_estero_com`, `iscritti_altri_com`, `cancellati_altrocom_com`, `cancellati_estero_com`, `cancellati_altri_com`, `saldo_migratorio_tot_com`, `saldo_migratorio_estero_com`, `laureati_tot`, `laureati_res_tot`, `laureati_res_femmine`, `laureati_res_maschi`, `numero_contribuenti`, `reddito_da_fabbricati_frequenza`, `reddito_da_fabbricati_ammontare_in_euro`, `reddito_da_lavoro_dipendente_frequenza`, `reddito_da_lavoro_dipendente_ammontare_in_euro`",HELP,,,884,73
2025-08-31 19:53:19.885983,1074324540,giu,giu,gas,OUT,RESPONSE,"**Come usare il bot**  Scrivimi una domanda sui dati socio‚Äëeconomici comunali.  **Esempi** - Popolazione di Milano e Roma - Pensionati Napoli e Milano rispetto alla popolazione 2015‚Äë2023 - Quota reddito da lavoro dipendente su totale Roma, Milano - Ricchezza media Torino 2010‚Äë2020  **Comandi** /start ¬∑ /help ¬∑ /info ¬∑ /plot  **Variabili disponibili (parziale)** `anno`, `anno_di_imposta`, `pop_totale`, `iscritti_altrocom_com`, `iscritti_estero_com`, `iscritti_altri_com`, `cancellati_altrocom_com`, `cancellati_estero_com`, `cancellati_altri_com`, `saldo_migratorio_tot_com`, `saldo_migratorio_estero_com`, `laureati_tot`, `laureati_res_tot`, `laureati_res_femmine`, `laureati_res_maschi`, `numero_contribuenti`, `reddito_da_fabbricati_frequenza`, `reddito_da_fabbricati_ammontare_in_euro`, `reddito_da_lavoro_dipendente_frequenza`, `reddito_da_lavoro_dipendente_ammontare_in_euro`",HELP,,,884,73
2025-08-31 19:53:38.511367,1074324540,giu,giu,gas,OUT,CHART,laureati maschi e femmine nel a Milano nel tempo,time_series,Milano,"laureati_res_maschi,laureati_res_femmine",48,9
2025-08-31 19:54:06.212358,1074324540,giu,giu,gas,OUT,ERROR,len() of unsized object,,,,23,4
2025-08-31 19:54:27.349139,1074324540,giu,giu,gas,OUT,ERROR,can only join an iterable,,,,25,5
2025-08-31 19:54:37.647556,1074324540,giu,giu,gas,OUT,RESPONSE,"**Come usare il bot**  Scrivimi una domanda sui dati socio‚Äëeconomici comunali.  **Esempi** - Popolazione di Milano e Roma - Pensionati Napoli e Milano rispetto alla popolazione 2015‚Äë2023 - Quota reddito da lavoro dipendente su totale Roma, Milano - Ricchezza media Torino 2010‚Äë2020  **Comandi** /start ¬∑ /help ¬∑ /info ¬∑ /plot  **Variabili disponibili (parziale)** `anno`, `anno_di_imposta`, `pop_totale`, `iscritti_altrocom_com`, `iscritti_estero_com`, `iscritti_altri_com`, `cancellati_altrocom_com`, `cancellati_estero_com`, `cancellati_altri_com`, `saldo_migratorio_tot_com`, `saldo_migratorio_estero_com`, `laureati_tot`, `laureati_res_tot`, `laureati_res_femmine`, `laureati_res_maschi`, `numero_contribuenti`, `reddito_da_fabbricati_frequenza`, `reddito_da_fabbricati_ammontare_in_euro`, `reddito_da_lavoro_dipendente_frequenza`, `reddito_da_lavoro_dipendente_ammontare_in_euro`",HELP,,,884,73
2025-08-31 19:54:47.658042,1074324540,giu,giu,gas,OUT,ERROR,can only join an iterable,,,,25,5
2025-09-01 10:45:58.436134,1074324540,giu,giu,gas,OUT,RESPONSE,"**Come usare il bot**  Scrivimi una domanda sui dati socio‚Äëeconomici comunali.  **Esempi** - Popolazione di Milano e Roma - Pensionati Napoli e Milano rispetto alla popolazione 2015‚Äë2023 - Quota reddito da lavoro dipendente su totale Roma, Milano - Ricchezza media Torino 2010‚Äë2020  **Comandi** /start ¬∑ /help ¬∑ /info ¬∑ /plot  **Variabili disponibili (parziale)** `anno`, `anno_di_imposta`, `pop_totale`, `iscritti_altrocom_com`, `iscritti_estero_com`, `iscritti_altri_com`, `cancellati_altrocom_com`, `cancellati_estero_com`, `cancellati_altri_com`, `saldo_migratorio_tot_com`, `saldo_migratorio_estero_com`, `laureati_tot`, `laureati_res_tot`, `laureati_res_femmine`, `laureati_res_maschi`, `numero_contribuenti`, `reddito_da_fabbricati_frequenza`, `reddito_da_fabbricati_ammontare_in_euro`, `reddito_da_lavoro_dipendente_frequenza`, `reddito_da_lavoro_dipendente_ammontare_in_euro`",HELP,,,884,73
2025-09-01 10:46:20.279271,1074324540,giu,giu,gas,OUT,CHART,Popolazione Milano nel tempo,time_series,Milano,pop_totale,28,4
2025-09-01 10:46:53.047629,1074324540,giu,giu,gas,OUT,CHART,Diseguaglianze Roma e bari nel tempo,time_series,"Roma,Bari",gini_index,36,6
2025-09-01 10:47:53.529408,1074324540,giu,giu,gas,OUT,CHART,Redditi medi Palermo e ancona  e Cagliari nel tempo,time_series,"Palermo,Ancona,Cagliari",average_income,51,9
2025-09-01 10:48:46.163249,1074324540,giu,giu,gas,OUT,ERROR,can only join an iterable,,,,25,5
2025-09-01 10:49:13.525909,1074324540,giu,giu,gas,OUT,CHART,Numero di pensionati Cagliari Treviso Bari,compare_comuni,"Cagliari,Treviso,Bari",reddito_da_pensione_frequenza,42,6
2025-09-01 10:49:17.376963,1074324540,giu,giu,gas,OUT,CHART,Numero di pensionati Cagliari Treviso Bari,compare_comuni,"Cagliari,Treviso,Bari",reddito_da_pensione_frequenza,42,6
2025-09-01 10:49:56.836452,1074324540,giu,giu,gas,OUT,ERROR,can only join an iterable,,,,25,5
2025-09-01 10:50:09.962155,1074324540,giu,giu,gas,OUT,RESPONSE,"**Informazioni sul Bot**  Autore: Giulio Albano (Univ. Bari, tirocinio Banca d'Italia) Fonti: ISTAT, MEF, MIUR, Infocamere, Eurostat Il bot normalizza i dati, calcola metriche derivate (pro capite, quote, crescite) e genera grafici leggibili.",INFO,,,242,33
2025-09-01 10:50:18.555855,1074324540,giu,giu,gas,OUT,RESPONSE,"**Come usare il bot**  Scrivimi una domanda sui dati socio‚Äëeconomici comunali.  **Esempi** - Popolazione di Milano e Roma - Pensionati Napoli e Milano rispetto alla popolazione 2015‚Äë2023 - Quota reddito da lavoro dipendente su totale Roma, Milano - Ricchezza media Torino 2010‚Äë2020  **Comandi** /start ¬∑ /help ¬∑ /info ¬∑ /plot  **Variabili disponibili (parziale)** `anno`, `anno_di_imposta`, `pop_totale`, `iscritti_altrocom_com`, `iscritti_estero_com`, `iscritti_altri_com`, `cancellati_altrocom_com`, `cancellati_estero_com`, `cancellati_altri_com`, `saldo_migratorio_tot_com`, `saldo_migratorio_estero_com`, `laureati_tot`, `laureati_res_tot`, `laureati_res_femmine`, `laureati_res_maschi`, `numero_contribuenti`, `reddito_da_fabbricati_frequenza`, `reddito_da_fabbricati_ammontare_in_euro`, `reddito_da_lavoro_dipendente_frequenza`, `reddito_da_lavoro_dipendente_ammontare_in_euro`",HELP,,,884,73
2025-09-01 10:50:23.228441,1074324540,giu,giu,gas,OUT,RESPONSE,"**Come usare il bot**  Scrivimi una domanda sui dati socio‚Äëeconomici comunali.  **Esempi** - Popolazione di Milano e Roma - Pensionati Napoli e Milano rispetto alla popolazione 2015‚Äë2023 - Quota reddito da lavoro dipendente su totale Roma, Milano - Ricchezza media Torino 2010‚Äë2020  **Comandi** /start ¬∑ /help ¬∑ /info ¬∑ /plot  **Variabili disponibili (parziale)** `anno`, `anno_di_imposta`, `pop_totale`, `iscritti_altrocom_com`, `iscritti_estero_com`, `iscritti_altri_com`, `cancellati_altrocom_com`, `cancellati_estero_com`, `cancellati_altri_com`, `saldo_migratorio_tot_com`, `saldo_migratorio_estero_com`, `laureati_tot`, `laureati_res_tot`, `laureati_res_femmine`, `laureati_res_maschi`, `numero_contribuenti`, `reddito_da_fabbricati_frequenza`, `reddito_da_fabbricati_ammontare_in_euro`, `reddito_da_lavoro_dipendente_frequenza`, `reddito_da_lavoro_dipendente_ammontare_in_euro`",HELP,,,884,73
2025-09-01 10:51:08.073597,1074324540,giu,giu,gas,OUT,CHART,Laureati totale a Milano Cagliari e Roma nel tempo,time_series,"Milano,Cagliari,Roma",laureati_tot,50,9
2025-09-01 11:25:43.933672,1074324540,giu,giu,gas,OUT,RESPONSE,"**Come usare il bot**  Scrivimi una domanda sui dati socio‚Äëeconomici comunali.  **Esempi** - Popolazione di Milano e Roma - Pensionati Napoli e Milano rispetto alla popolazione 2015‚Äë2023 - Quota reddito da lavoro dipendente su totale Roma, Milano - Ricchezza media Torino 2010‚Äë2020  **Comandi** /start ¬∑ /help ¬∑ /info ¬∑ /plot  **Variabili disponibili (parziale)** `anno`, `anno_di_imposta`, `pop_totale`, `iscritti_altrocom_com`, `iscritti_estero_com`, `iscritti_altri_com`, `cancellati_altrocom_com`, `cancellati_estero_com`, `cancellati_altri_com`, `saldo_migratorio_tot_com`, `saldo_migratorio_estero_com`, `laureati_tot`, `laureati_res_tot`, `laureati_res_femmine`, `laureati_res_maschi`, `numero_contribuenti`, `reddito_da_fabbricati_frequenza`, `reddito_da_fabbricati_ammontare_in_euro`, `reddito_da_lavoro_dipendente_frequenza`, `reddito_da_lavoro_dipendente_ammontare_in_euro`",HELP,,,884,73
2025-09-01 11:26:13.182204,1074324540,giu,giu,gas,OUT,CHART,Popolazione Milano e Roma nel tempo,time_series,"Milano,Roma",pop_totale,35,6
2025-09-01 11:27:05.842864,1074324540,giu,giu,gas,OUT,CHART,Pensionati Miano e Roma rispetto alla popolazione nel tempo,time_series,"Milano,Roma",,59,9
2025-09-01 11:27:52.410790,1074324540,giu,giu,gas,OUT,CHART,Percentuale laureati di bari Brindisi foggia e Taranto nel tempo,time_series,"Bari,Brindisi,Foggia,Taranto",,64,10
2025-09-01 11:29:01.995197,1074324540,giu,giu,gas,OUT,RESPONSE,"**Come usare il bot**  Scrivimi una domanda sui dati socio‚Äëeconomici comunali.  **Esempi** - Popolazione di Milano e Roma - Pensionati Napoli e Milano rispetto alla popolazione 2015‚Äë2023 - Quota reddito da lavoro dipendente su totale Roma, Milano - Ricchezza media Torino 2010‚Äë2020  **Comandi** /start ¬∑ /help ¬∑ /info ¬∑ /plot  **Variabili disponibili (parziale)** `anno`, `anno_di_imposta`, `pop_totale`, `iscritti_altrocom_com`, `iscritti_estero_com`, `iscritti_altri_com`, `cancellati_altrocom_com`, `cancellati_estero_com`, `cancellati_altri_com`, `saldo_migratorio_tot_com`, `saldo_migratorio_estero_com`, `laureati_tot`, `laureati_res_tot`, `laureati_res_femmine`, `laureati_res_maschi`, `numero_contribuenti`, `reddito_da_fabbricati_frequenza`, `reddito_da_fabbricati_ammontare_in_euro`, `reddito_da_lavoro_dipendente_frequenza`, `reddito_da_lavoro_dipendente_ammontare_in_euro`",HELP,,,884,73
2025-09-01 11:29:16.402636,1074324540,giu,giu,gas,OUT,RESPONSE,"**Come usare il bot**  Scrivimi una domanda sui dati socio‚Äëeconomici comunali.  **Esempi** - Popolazione di Milano e Roma - Pensionati Napoli e Milano rispetto alla popolazione 2015‚Äë2023 - Quota reddito da lavoro dipendente su totale Roma, Milano - Ricchezza media Torino 2010‚Äë2020  **Comandi** /start ¬∑ /help ¬∑ /info ¬∑ /plot  **Variabili disponibili (parziale)** `anno`, `anno_di_imposta`, `pop_totale`, `iscritti_altrocom_com`, `iscritti_estero_com`, `iscritti_altri_com`, `cancellati_altrocom_com`, `cancellati_estero_com`, `cancellati_altri_com`, `saldo_migratorio_tot_com`, `saldo_migratorio_estero_com`, `laureati_tot`, `laureati_res_tot`, `laureati_res_femmine`, `laureati_res_maschi`, `numero_contribuenti`, `reddito_da_fabbricati_frequenza`, `reddito_da_fabbricati_ammontare_in_euro`, `reddito_da_lavoro_dipendente_frequenza`, `reddito_da_lavoro_dipendente_ammontare_in_euro`",HELP,,,884,73
2025-09-01 11:56:50.228612,226103193,skonjee,Alessandro,,OUT,CHART,disoccupazione milano,single_comune,milano,total_income,21,2
2025-09-01 11:57:47.286619,226103193,skonjee,Alessandro,,OUT,CHART,reddito medio bari,single_comune,Bari,average_income,18,3
2025-09-01 12:03:00.642707,1074324540,giu,giu,gas,OUT,CHART,Popolazione Milano e Roma nel tempo,time_series,"Milano,Roma",pop_totale,35,6
2025-09-01 12:03:50.280196,1074324540,giu,giu,gas,OUT,CHART,Reddito medio Milano Padova Bologna Torino nel tempo,time_series,"Milano,Padova,Bologna,Torino",average_income,52,8
2025-09-01 12:07:32.721780,1074324540,giu,giu,gas,OUT,CHART,"Percentuale pensionati rispetto alla popolazione a Milano, Roma, Torino e Napoli",compare_comuni,"Milano,Roma,Torino,Napoli",,80,11
2025-09-01 12:09:39.262947,412131846,Wizard224,Fabio,,OUT,RESPONSE,"**Come usare il bot**  Scrivimi una domanda sui dati socio‚Äëeconomici comunali.  **Esempi** - Popolazione di Milano e Roma - Pensionati Napoli e Milano rispetto alla popolazione 2015‚Äë2023 - Quota reddito da lavoro dipendente su totale Roma, Milano - Ricchezza media Torino 2010‚Äë2020  **Comandi** /start ¬∑ /help ¬∑ /info ¬∑ /plot  **Variabili disponibili (parziale)** `anno`, `anno_di_imposta`, `pop_totale`, `iscritti_altrocom_com`, `iscritti_estero_com`, `iscritti_altri_com`, `cancellati_altrocom_com`, `cancellati_estero_com`, `cancellati_altri_com`, `saldo_migratorio_tot_com`, `saldo_migratorio_estero_com`, `laureati_tot`, `laureati_res_tot`, `laureati_res_femmine`, `laureati_res_maschi`, `numero_contribuenti`, `reddito_da_fabbricati_frequenza`, `reddito_da_fabbricati_ammontare_in_euro`, `reddito_da_lavoro_dipendente_frequenza`, `reddito_da_lavoro_dipendente_ammontare_in_euro`",HELP,,,884,73
2025-09-01 12:09:53.958263,412131846,Wizard224,Fabio,,OUT,RESPONSE,"**Informazioni sul Bot**  Autore: Giulio Albano (Univ. Bari, tirocinio Banca d'Italia) Fonti: ISTAT, MEF, MIUR, Infocamere, Eurostat Il bot normalizza i dati, calcola metriche derivate (pro capite, quote, crescite) e genera grafici leggibili.",INFO,,,242,33
2025-09-01 12:09:59.880520,412131846,Wizard224,Fabio,,OUT,RESPONSE,"**Come usare il bot**  Scrivimi una domanda sui dati socio‚Äëeconomici comunali.  **Esempi** - Popolazione di Milano e Roma - Pensionati Napoli e Milano rispetto alla popolazione 2015‚Äë2023 - Quota reddito da lavoro dipendente su totale Roma, Milano - Ricchezza media Torino 2010‚Äë2020  **Comandi** /start ¬∑ /help ¬∑ /info ¬∑ /plot  **Variabili disponibili (parziale)** `anno`, `anno_di_imposta`, `pop_totale`, `iscritti_altrocom_com`, `iscritti_estero_com`, `iscritti_altri_com`, `cancellati_altrocom_com`, `cancellati_estero_com`, `cancellati_altri_com`, `saldo_migratorio_tot_com`, `saldo_migratorio_estero_com`, `laureati_tot`, `laureati_res_tot`, `laureati_res_femmine`, `laureati_res_maschi`, `numero_contribuenti`, `reddito_da_fabbricati_frequenza`, `reddito_da_fabbricati_ammontare_in_euro`, `reddito_da_lavoro_dipendente_frequenza`, `reddito_da_lavoro_dipendente_ammontare_in_euro`",HELP,,,884,73
2025-09-01 12:10:11.216667,412131846,Wizard224,Fabio,,OUT,RESPONSE,Ciao Fabio!  Sono il bot per informazioni socio-economiche comunali. Scrivimi una richiesta (es. 'pensionati Napoli e Milano rispetto alla popolazione 2015-2023') oppure usa /help per esempi.,START,,,191,26
2025-09-01 12:10:24.534210,412131846,Wizard224,Fabio,,OUT,RESPONSE,"**Come usare il bot**  Scrivimi una domanda sui dati socio‚Äëeconomici comunali.  **Esempi** - Popolazione di Milano e Roma - Pensionati Napoli e Milano rispetto alla popolazione 2015‚Äë2023 - Quota reddito da lavoro dipendente su totale Roma, Milano - Ricchezza media Torino 2010‚Äë2020  **Comandi** /start ¬∑ /help ¬∑ /info ¬∑ /plot  **Variabili disponibili (parziale)** `anno`, `anno_di_imposta`, `pop_totale`, `iscritti_altrocom_com`, `iscritti_estero_com`, `iscritti_altri_com`, `cancellati_altrocom_com`, `cancellati_estero_com`, `cancellati_altri_com`, `saldo_migratorio_tot_com`, `saldo_migratorio_estero_com`, `laureati_tot`, `laureati_res_tot`, `laureati_res_femmine`, `laureati_res_maschi`, `numero_contribuenti`, `reddito_da_fabbricati_frequenza`, `reddito_da_fabbricati_ammontare_in_euro`, `reddito_da_lavoro_dipendente_frequenza`, `reddito_da_lavoro_dipendente_ammontare_in_euro`",HELP,,,884,73
2025-09-01 12:19:43.077346,1074324540,giu,giu,gas,OUT,RESPONSE,Ciao giu!  Sono il bot per informazioni socio-economiche comunali. Scrivimi una richiesta (es. 'pensionati Napoli e Milano rispetto alla popolazione 2015-2023') oppure usa /help per esempi.,START,,,189,26
2025-09-01 12:19:44.289187,1074324540,giu,giu,gas,OUT,RESPONSE,"**Come usare il bot**  Scrivimi una domanda sui dati socio‚Äëeconomici comunali.  **Esempi** - Popolazione di Milano e Roma - Pensionati Napoli e Milano rispetto alla popolazione 2015‚Äë2023 - Quota reddito da lavoro dipendente su totale Roma, Milano - Ricchezza media Torino 2010‚Äë2020  **Comandi** /start ¬∑ /help ¬∑ /info ¬∑ /plot  **Variabili disponibili (parziale)** `anno`, `anno_di_imposta`, `pop_totale`, `iscritti_altrocom_com`, `iscritti_estero_com`, `iscritti_altri_com`, `cancellati_altrocom_com`, `cancellati_estero_com`, `cancellati_altri_com`, `saldo_migratorio_tot_com`, `saldo_migratorio_estero_com`, `laureati_tot`, `laureati_res_tot`, `laureati_res_femmine`, `laureati_res_maschi`, `numero_contribuenti`, `reddito_da_fabbricati_frequenza`, `reddito_da_fabbricati_ammontare_in_euro`, `reddito_da_lavoro_dipendente_frequenza`, `reddito_da_lavoro_dipendente_ammontare_in_euro`",HELP,,,884,73
2025-09-01 12:19:54.776467,1074324540,giu,giu,gas,OUT,RESPONSE,"**Come usare il bot**  Scrivimi una domanda sui dati socio‚Äëeconomici comunali.  **Esempi** - Popolazione di Milano e Roma - Pensionati Napoli e Milano rispetto alla popolazione 2015‚Äë2023 - Quota reddito da lavoro dipendente su totale Roma, Milano - Ricchezza media Torino 2010‚Äë2020  **Comandi** /start ¬∑ /help ¬∑ /info ¬∑ /plot  **Variabili disponibili (parziale)** `anno`, `anno_di_imposta`, `pop_totale`, `iscritti_altrocom_com`, `iscritti_estero_com`, `iscritti_altri_com`, `cancellati_altrocom_com`, `cancellati_estero_com`, `cancellati_altri_com`, `saldo_migratorio_tot_com`, `saldo_migratorio_estero_com`, `laureati_tot`, `laureati_res_tot`, `laureati_res_femmine`, `laureati_res_maschi`, `numero_contribuenti`, `reddito_da_fabbricati_frequenza`, `reddito_da_fabbricati_ammontare_in_euro`, `reddito_da_lavoro_dipendente_frequenza`, `reddito_da_lavoro_dipendente_ammontare_in_euro`",HELP,,,884,73
2025-09-01 12:20:19.899611,1074324540,giu,giu,gas,OUT,CHART,Redditi Milano Padova e Bologna nel tempo,time_series,"Milano,Padova,Bologna",average_income,41,7
2025-09-01 13:09:01.510884,1074324540,giu,giu,gas,OUT,RESPONSE,"**Come usare il bot**  Scrivimi una domanda sui dati socio‚Äëeconomici comunali.  **Esempi** - Popolazione di Milano e Roma - Pensionati Napoli e Milano rispetto alla popolazione 2015‚Äë2023 - Quota reddito da lavoro dipendente su totale Roma, Milano - Ricchezza media Torino 2010‚Äë2020  **Comandi** /start ¬∑ /help ¬∑ /info ¬∑ /plot  **Variabili disponibili (parziale)** `anno`, `anno_di_imposta`, `pop_totale`, `iscritti_altrocom_com`, `iscritti_estero_com`, `iscritti_altri_com`, `cancellati_altrocom_com`, `cancellati_estero_com`, `cancellati_altri_com`, `saldo_migratorio_tot_com`, `saldo_migratorio_estero_com`, `laureati_tot`, `laureati_res_tot`, `laureati_res_femmine`, `laureati_res_maschi`, `numero_contribuenti`, `reddito_da_fabbricati_frequenza`, `reddito_da_fabbricati_ammontare_in_euro`, `reddito_da_lavoro_dipendente_frequenza`, `reddito_da_lavoro_dipendente_ammontare_in_euro`",HELP,,,884,73
2025-09-01 13:09:23.808337,1074324540,giu,giu,gas,OUT,CHART,Distribuzione dei redditi bari,single_comune,bari,"reddito_complessivo_minore_o_uguale_a_zero_euro_frequenza,reddito_complessivo_da_0_a_10000_euro_frequenza,reddito_complessivo_da_10000_a_15000_euro_frequenza,reddito_complessivo_da_15000_a_26000_euro_frequenza,reddito_complessivo_da_26000_a_55000_euro_frequenza,reddito_complessivo_da_55000_a_75000_euro_frequenza,reddito_complessivo_da_75000_a_120000_euro_frequenza,reddito_complessivo_oltre_120000_euro_frequenza",30,4
2025-09-01 13:22:33.059114,1074324540,giu,giu,gas,OUT,CHART,Distribuzione dei redditi matera,single_comune,matera,"reddito_complessivo_minore_o_uguale_a_zero_euro_frequenza,reddito_complessivo_da_0_a_10000_euro_frequenza,reddito_complessivo_da_10000_a_15000_euro_frequenza,reddito_complessivo_da_15000_a_26000_euro_frequenza,reddito_complessivo_da_26000_a_55000_euro_frequenza,reddito_complessivo_da_55000_a_75000_euro_frequenza,reddito_complessivo_da_75000_a_120000_euro_frequenza,reddito_complessivo_oltre_120000_euro_frequenza",32,4
2025-09-01 15:37:52.805436,1074324540,giu,giu,gas,OUT,RESPONSE,"**Come usare il bot**  Scrivimi una domanda sui dati socio‚Äëeconomici comunali.  **Esempi** - Popolazione di Milano e Roma - Pensionati Napoli e Milano rispetto alla popolazione 2015‚Äë2023 - Quota reddito da lavoro dipendente su totale Roma, Milano - Ricchezza media Torino 2010‚Äë2020  **Comandi** /start ¬∑ /help ¬∑ /info ¬∑ /plot  **Variabili disponibili (parziale)** `anno`, `anno_di_imposta`, `pop_totale`, `iscritti_altrocom_com`, `iscritti_estero_com`, `iscritti_altri_com`, `cancellati_altrocom_com`, `cancellati_estero_com`, `cancellati_altri_com`, `saldo_migratorio_tot_com`, `saldo_migratorio_estero_com`, `laureati_tot`, `laureati_res_tot`, `laureati_res_femmine`, `laureati_res_maschi`, `numero_contribuenti`, `reddito_da_fabbricati_frequenza`, `reddito_da_fabbricati_ammontare_in_euro`, `reddito_da_lavoro_dipendente_frequenza`, `reddito_da_lavoro_dipendente_ammontare_in_euro`",HELP,,,884,73
2025-09-01 15:38:30.506715,1074324540,giu,giu,gas,OUT,CHART,Distribuzione dei redditi Milano,single_comune,milano,"reddito_complessivo_minore_o_uguale_a_zero_euro_frequenza,reddito_complessivo_da_0_a_10000_euro_frequenza,reddito_complessivo_da_10000_a_15000_euro_frequenza,reddito_complessivo_da_15000_a_26000_euro_frequenza,reddito_complessivo_da_26000_a_55000_euro_frequenza,reddito_complessivo_da_55000_a_75000_euro_frequenza,reddito_complessivo_da_75000_a_120000_euro_frequenza,reddito_complessivo_oltre_120000_euro_frequenza",32,4
2025-09-01 15:44:34.037148,1074324540,giu,giu,gas,OUT,RESPONSE,Ciao giu!  Sono il bot per informazioni socio-economiche comunali. Scrivimi una richiesta (es. 'pensionati Napoli e Milano rispetto alla popolazione 2015-2023') oppure usa /help per esempi.,START,,,189,26
2025-09-01 15:44:51.326166,1074324540,giu,giu,gas,OUT,RESPONSE,"**Come usare il bot**  Scrivimi una domanda sui dati socio‚Äëeconomici comunali.  **Esempi** - Popolazione di Milano e Roma - Pensionati Napoli e Milano rispetto alla popolazione 2015‚Äë2023 - Quota reddito da lavoro dipendente su totale Roma, Milano - Ricchezza media Torino 2010‚Äë2020  **Comandi** /start ¬∑ /help ¬∑ /info ¬∑ /plot  **Variabili disponibili (parziale)** `anno`, `anno_di_imposta`, `pop_totale`, `iscritti_altrocom_com`, `iscritti_estero_com`, `iscritti_altri_com`, `cancellati_altrocom_com`, `cancellati_estero_com`, `cancellati_altri_com`, `saldo_migratorio_tot_com`, `saldo_migratorio_estero_com`, `laureati_tot`, `laureati_res_tot`, `laureati_res_femmine`, `laureati_res_maschi`, `numero_contribuenti`, `reddito_da_fabbricati_frequenza`, `reddito_da_fabbricati_ammontare_in_euro`, `reddito_da_lavoro_dipendente_frequenza`, `reddito_da_lavoro_dipendente_ammontare_in_euro`",HELP,,,884,73
2025-09-01 15:45:15.413639,1074324540,giu,giu,gas,OUT,CHART,Reddito medio Milano Padova Roma e Bologna nel tempo,time_series,"Milano,Padova,Roma,Bologna",average_income,52,9
2025-09-01 15:55:54.412710,1074324540,giu,giu,gas,OUT,CHART,Percentuale pensionati Milano bari Brindisi,compare_comuni,"Milano,Bari,Brindisi",,43,5
2025-09-01 15:56:02.686387,1074324540,giu,giu,gas,OUT,CHART,Percentuale pensionati Milano bari Brindisi,compare_comuni,"Milano,Bari,Brindisi",,43,5
2025-09-01 15:56:02.832101,1074324540,giu,giu,gas,OUT,RESPONSE,"**Come usare il bot**  Scrivimi una domanda sui dati socio‚Äëeconomici comunali.  **Esempi** - Popolazione di Milano e Roma - Pensionati Napoli e Milano rispetto alla popolazione 2015‚Äë2023 - Quota reddito da lavoro dipendente su totale Roma, Milano - Ricchezza media Torino 2010‚Äë2020  **Comandi** /start ¬∑ /help ¬∑ /info ¬∑ /plot  **Variabili disponibili (parziale)** `anno`, `anno_di_imposta`, `pop_totale`, `iscritti_altrocom_com`, `iscritti_estero_com`, `iscritti_altri_com`, `cancellati_altrocom_com`, `cancellati_estero_com`, `cancellati_altri_com`, `saldo_migratorio_tot_com`, `saldo_migratorio_estero_com`, `laureati_tot`, `laureati_res_tot`, `laureati_res_femmine`, `laureati_res_maschi`, `numero_contribuenti`, `reddito_da_fabbricati_frequenza`, `reddito_da_fabbricati_ammontare_in_euro`, `reddito_da_lavoro_dipendente_frequenza`, `reddito_da_lavoro_dipendente_ammontare_in_euro`",HELP,,,884,73
2025-09-01 18:32:38.671392,1074324540,giu,giu,gas,OUT,RESPONSE,"**Come usare il bot**  Scrivimi una domanda sui dati socio‚Äëeconomici comunali.  **Esempi** - Popolazione di Milano e Roma - Pensionati Napoli e Milano rispetto alla popolazione 2015‚Äë2023 - Quota reddito da lavoro dipendente su totale Roma, Milano - Ricchezza media Torino 2010‚Äë2020  **Comandi** /start ¬∑ /help ¬∑ /info ¬∑ /plot  **Variabili disponibili (parziale)** `anno`, `anno_di_imposta`, `pop_totale`, `iscritti_altrocom_com`, `iscritti_estero_com`, `iscritti_altri_com`, `cancellati_altrocom_com`, `cancellati_estero_com`, `cancellati_altri_com`, `saldo_migratorio_tot_com`, `saldo_migratorio_estero_com`, `laureati_tot`, `laureati_res_tot`, `laureati_res_femmine`, `laureati_res_maschi`, `numero_contribuenti`, `reddito_da_fabbricati_frequenza`, `reddito_da_fabbricati_ammontare_in_euro`, `reddito_da_lavoro_dipendente_frequenza`, `reddito_da_lavoro_dipendente_ammontare_in_euro`",HELP,,,884,73
2025-09-01 18:33:00.196720,1074324540,giu,giu,gas,OUT,ERROR,name 'qp' is not defined,,,,24,5
2025-09-01 18:33:09.701371,1074324540,giu,giu,gas,OUT,ERROR,name 'qp' is not defined,,,,24,5
2025-09-01 18:33:44.443003,1074324540,giu,giu,gas,OUT,ERROR,name 'qp' is not defined,,,,24,5
2025-09-01 18:33:57.092677,1074324540,giu,giu,gas,OUT,ERROR,name 'qp' is not defined,,,,24,5
2025-09-01 18:34:09.567291,1074324540,giu,giu,gas,OUT,ERROR,'SocioEconomicBot' object has no attribute '_trim_leading_zeros',,,,64,6
2025-09-02 09:59:20.086960,1074324540,giu,giu,gas,OUT,RESPONSE,"**Come usare il bot**  Scrivimi una domanda sui dati socio‚Äëeconomici comunali.  **Esempi** - Popolazione di Milano e Roma - Pensionati Napoli e Milano rispetto alla popolazione 2015‚Äë2023 - Quota reddito da lavoro dipendente su totale Roma, Milano - Ricchezza media Torino 2010‚Äë2020  **Comandi** /start ¬∑ /help ¬∑ /info ¬∑ /plot  **Variabili disponibili (parziale)** `anno`, `anno_di_imposta`, `pop_totale`, `iscritti_altrocom_com`, `iscritti_estero_com`, `iscritti_altri_com`, `cancellati_altrocom_com`, `cancellati_estero_com`, `cancellati_altri_com`, `saldo_migratorio_tot_com`, `saldo_migratorio_estero_com`, `laureati_tot`, `laureati_res_tot`, `laureati_res_femmine`, `laureati_res_maschi`, `numero_contribuenti`, `reddito_da_fabbricati_frequenza`, `reddito_da_fabbricati_ammontare_in_euro`, `reddito_da_lavoro_dipendente_frequenza`, `reddito_da_lavoro_dipendente_ammontare_in_euro`",HELP,,,884,73
2025-09-02 10:00:52.836924,1074324540,giu,giu,gas,OUT,ERROR,name 'qp' is not defined,,,,24,5
2025-09-02 11:34:14.767180,1074324540,giu,giu,gas,OUT,RESPONSE,"**Come usare il bot**  Scrivimi una domanda sui dati socio‚Äëeconomici comunali.  **Esempi** - Popolazione di Milano e Roma - Pensionati Napoli e Milano rispetto alla popolazione 2015‚Äë2023 - Quota reddito da lavoro dipendente su totale Roma, Milano - Ricchezza media Torino 2010‚Äë2020  **Comandi** /start ¬∑ /help ¬∑ /info ¬∑ /plot  **Variabili disponibili (parziale)** `anno`, `anno_di_imposta`, `pop_totale`, `iscritti_altrocom_com`, `iscritti_estero_com`, `iscritti_altri_com`, `cancellati_altrocom_com`, `cancellati_estero_com`, `cancellati_altri_com`, `saldo_migratorio_tot_com`, `saldo_migratorio_estero_com`, `laureati_tot`, `laureati_res_tot`, `laureati_res_femmine`, `laureati_res_maschi`, `numero_contribuenti`, `reddito_da_fabbricati_frequenza`, `reddito_da_fabbricati_ammontare_in_euro`, `reddito_da_lavoro_dipendente_frequenza`, `reddito_da_lavoro_dipendente_ammontare_in_euro`",HELP,,,884,73
2025-09-02 11:35:02.797228,1074324540,giu,giu,gas,OUT,ERROR,'SocioEconomicBot' object has no attribute '_trim_leading_zeros',,,,64,6
2025-09-02 11:35:53.695424,1074324540,giu,giu,gas,OUT,ERROR,'SocioEconomicBot' object has no attribute '_trim_leading_zeros',,,,64,6
2025-09-02 17:36:22.164830,1074324540,giu,giu,gas,OUT,RESPONSE,"**Come usare il bot**  Scrivimi una domanda sui dati socio‚Äëeconomici comunali.  **Esempi** - Popolazione di Milano e Roma - Pensionati Napoli e Milano rispetto alla popolazione 2015‚Äë2023 - Quota reddito da lavoro dipendente su totale Roma, Milano - Ricchezza media Torino 2010‚Äë2020  **Comandi** /start ¬∑ /help ¬∑ /info ¬∑ /plot  **Variabili disponibili (parziale)** `anno`, `anno_di_imposta`, `pop_totale`, `iscritti_altrocom_com`, `iscritti_estero_com`, `iscritti_altri_com`, `cancellati_altrocom_com`, `cancellati_estero_com`, `cancellati_altri_com`, `saldo_migratorio_tot_com`, `saldo_migratorio_estero_com`, `laureati_tot`, `laureati_res_tot`, `laureati_res_femmine`, `laureati_res_maschi`, `numero_contribuenti`, `reddito_da_fabbricati_frequenza`, `reddito_da_fabbricati_ammontare_in_euro`, `reddito_da_lavoro_dipendente_frequenza`, `reddito_da_lavoro_dipendente_ammontare_in_euro`",HELP,,,884,73
2025-09-02 17:36:36.703316,1074324540,giu,giu,gas,OUT,ERROR,'SocioEconomicBot' object has no attribute '_trim_leading_zeros',,,,64,6
2025-09-02 17:37:20.041694,1074324540,giu,giu,gas,OUT,ERROR,'SocioEconomicBot' object has no attribute '_trim_leading_zeros',,,,64,6
2025-09-02 17:44:33.589632,1074324540,giu,giu,gas,OUT,RESPONSE,"**Come usare il bot**  Scrivimi una domanda sui dati socio‚Äëeconomici comunali.  **Esempi** - Popolazione di Milano e Roma - Pensionati Napoli e Milano rispetto alla popolazione 2015‚Äë2023 - Quota reddito da lavoro dipendente su totale Roma, Milano - Ricchezza media Torino 2010‚Äë2020  **Comandi** /start ¬∑ /help ¬∑ /info ¬∑ /plot  **Variabili disponibili (parziale)** `anno`, `anno_di_imposta`, `pop_totale`, `iscritti_altrocom_com`, `iscritti_estero_com`, `iscritti_altri_com`, `cancellati_altrocom_com`, `cancellati_estero_com`, `cancellati_altri_com`, `saldo_migratorio_tot_com`, `saldo_migratorio_estero_com`, `laureati_tot`, `laureati_res_tot`, `laureati_res_femmine`, `laureati_res_maschi`, `numero_contribuenti`, `reddito_da_fabbricati_frequenza`, `reddito_da_fabbricati_ammontare_in_euro`, `reddito_da_lavoro_dipendente_frequenza`, `reddito_da_lavoro_dipendente_ammontare_in_euro`",HELP,,,884,73
2025-09-03 18:01:12.922089,1074324540,giu,giu,gas,OUT,RESPONSE,"**Come usare il bot**  Scrivimi una domanda sui dati socio‚Äëeconomici comunali.  **Esempi** - Popolazione di Milano e Roma - Pensionati Napoli e Milano rispetto alla popolazione 2015‚Äë2023 - Quota reddito da lavoro dipendente su totale Roma, Milano - Ricchezza media Torino 2010‚Äë2020  **Comandi** /start ¬∑ /help ¬∑ /info ¬∑ /plot  **Variabili disponibili (parziale)** `anno`, `anno_di_imposta`, `pop_totale`, `iscritti_altrocom_com`, `iscritti_estero_com`, `iscritti_altri_com`, `cancellati_altrocom_com`, `cancellati_estero_com`, `cancellati_altri_com`, `saldo_migratorio_tot_com`, `saldo_migratorio_estero_com`, `laureati_tot`, `laureati_res_tot`, `laureati_res_femmine`, `laureati_res_maschi`, `numero_contribuenti`, `reddito_da_fabbricati_frequenza`, `reddito_da_fabbricati_ammontare_in_euro`, `reddito_da_lavoro_dipendente_frequenza`, `reddito_da_lavoro_dipendente_ammontare_in_euro`",HELP,,,884,73
2025-09-03 18:01:42.767110,1074324540,giu,giu,gas,OUT,ERROR,'SocioEconomicBot' object has no attribute '_trim_leading_zeros',,,,64,6
2025-09-03 18:03:00.544421,1074324540,giu,giu,gas,OUT,ERROR,'SocioEconomicBot' object has no attribute '_trim_leading_zeros',,,,64,6
2025-09-03 18:03:10.497329,1074324540,giu,giu,gas,OUT,ERROR,'SocioEconomicBot' object has no attribute '_trim_leading_zeros',,,,64,6
2025-09-03 18:03:34.931369,1074324540,giu,giu,gas,OUT,ERROR,'SocioEconomicBot' object has no attribute '_trim_leading_zeros',,,,64,6
2025-09-08 16:21:28.147765,1074324540,giu,giu,gas,OUT,ERROR,'SocioEconomicBot' object has no attribute '_trim_leading_zeros',,,,64,6
2025-09-08 16:21:58.570873,1074324540,giu,giu,gas,OUT,ERROR,'SocioEconomicBot' object has no attribute '_trim_leading_zeros',,,,64,6
2025-09-08 16:22:38.371703,1074324540,giu,giu,gas,OUT,ERROR,'SocioEconomicBot' object has no attribute '_trim_leading_zeros',,,,64,6
2025-09-08 16:23:03.869044,1074324540,giu,giu,gas,OUT,ERROR,'SocioEconomicBot' object has no attribute '_trim_leading_zeros',,,,64,6
2025-09-08 16:23:41.738386,1074324540,giu,giu,gas,OUT,ERROR,'SocioEconomicBot' object has no attribute '_trim_leading_zeros',,,,64,6
2025-09-08 16:47:33.261804,1074324540,giu,giu,gas,OUT,RESPONSE,"**Come usare il bot**  Scrivimi una domanda sui dati socio‚Äëeconomici comunali.  **Esempi** - Popolazione di Milano e Roma - Pensionati Napoli e Milano rispetto alla popolazione 2015‚Äë2023 - Quota reddito da lavoro dipendente su totale Roma, Milano - Ricchezza media Torino 2010‚Äë2020  **Comandi** /start ¬∑ /help ¬∑ /info ¬∑ /plot  **Variabili disponibili (parziale)** `anno`, `anno_di_imposta`, `pop_totale`, `iscritti_altrocom_com`, `iscritti_estero_com`, `iscritti_altri_com`, `cancellati_altrocom_com`, `cancellati_estero_com`, `cancellati_altri_com`, `saldo_migratorio_tot_com`, `saldo_migratorio_estero_com`, `laureati_tot`, `laureati_res_tot`, `laureati_res_femmine`, `laureati_res_maschi`, `numero_contribuenti`, `reddito_da_fabbricati_frequenza`, `reddito_da_fabbricati_ammontare_in_euro`, `reddito_da_lavoro_dipendente_frequenza`, `reddito_da_lavoro_dipendente_ammontare_in_euro`",HELP,,,884,73
2025-09-08 16:47:39.808918,1074324540,giu,giu,gas,OUT,RESPONSE,"**Come usare il bot**  Scrivimi una domanda sui dati socio‚Äëeconomici comunali.  **Esempi** - Popolazione di Milano e Roma - Pensionati Napoli e Milano rispetto alla popolazione 2015‚Äë2023 - Quota reddito da lavoro dipendente su totale Roma, Milano - Ricchezza media Torino 2010‚Äë2020  **Comandi** /start ¬∑ /help ¬∑ /info ¬∑ /plot  **Variabili disponibili (parziale)** `anno`, `anno_di_imposta`, `pop_totale`, `iscritti_altrocom_com`, `iscritti_estero_com`, `iscritti_altri_com`, `cancellati_altrocom_com`, `cancellati_estero_com`, `cancellati_altri_com`, `saldo_migratorio_tot_com`, `saldo_migratorio_estero_com`, `laureati_tot`, `laureati_res_tot`, `laureati_res_femmine`, `laureati_res_maschi`, `numero_contribuenti`, `reddito_da_fabbricati_frequenza`, `reddito_da_fabbricati_ammontare_in_euro`, `reddito_da_lavoro_dipendente_frequenza`, `reddito_da_lavoro_dipendente_ammontare_in_euro`",HELP,,,884,73
2025-09-08 16:47:41.947955,1074324540,giu,giu,gas,OUT,RESPONSE,"**Informazioni sul Bot**  Autore: Giulio Albano (Univ. Bari, tirocinio Banca d'Italia) Fonti: ISTAT, MEF, MIUR, Infocamere, Eurostat Il bot normalizza i dati, calcola metriche derivate (pro capite, quote, crescite) e genera grafici leggibili.",INFO,,,242,33
2025-09-08 16:48:00.419482,1074324540,giu,giu,gas,OUT,ERROR,'DataFrameManager' object has no attribute '_filter_period',,,,59,6
2025-09-08 16:48:20.311121,1074324540,giu,giu,gas,OUT,ERROR,'DataFrameManager' object has no attribute '_filter_period',,,,59,6
2025-09-08 16:57:55.254255,1074324540,giu,giu,gas,OUT,RESPONSE,"**Come usare il bot**  Scrivimi una domanda sui dati socio‚Äëeconomici comunali.  **Esempi** - Popolazione di Milano e Roma - Pensionati Napoli e Milano rispetto alla popolazione 2015‚Äë2023 - Quota reddito da lavoro dipendente su totale Roma, Milano - Ricchezza media Torino 2010‚Äë2020  **Comandi** /start ¬∑ /help ¬∑ /info ¬∑ /plot  **Variabili disponibili (parziale)** `anno`, `anno_di_imposta`, `pop_totale`, `iscritti_altrocom_com`, `iscritti_estero_com`, `iscritti_altri_com`, `cancellati_altrocom_com`, `cancellati_estero_com`, `cancellati_altri_com`, `saldo_migratorio_tot_com`, `saldo_migratorio_estero_com`, `laureati_tot`, `laureati_res_tot`, `laureati_res_femmine`, `laureati_res_maschi`, `numero_contribuenti`, `reddito_da_fabbricati_frequenza`, `reddito_da_fabbricati_ammontare_in_euro`, `reddito_da_lavoro_dipendente_frequenza`, `reddito_da_lavoro_dipendente_ammontare_in_euro`",HELP,,,884,73
2025-09-08 16:58:06.977447,1074324540,giu,giu,gas,OUT,ERROR,'SocioEconomicBot' object has no attribute '_trim_leading_zeros',,,,64,6
2025-09-08 16:58:35.472402,1074324540,giu,giu,gas,OUT,ERROR,'SocioEconomicBot' object has no attribute '_trim_leading_zeros',,,,64,6
2025-09-08 17:05:53.430443,1074324540,giu,giu,gas,OUT,RESPONSE,"üìä **Come usare il bot**  Scrivimi una domanda sui dati socio-economici comunali.  ‚ú® **Esempi utili**: - üë• Popolazione di *Milano* e *Roma* - üë©‚Äçü¶≥ Pensionati a *Napoli* e *Milano* rispetto alla popolazione (2015-2023) - üíº Reddito medio a *Torino* nel tempo - üìà Gini index a *Bari* e *Palermo* - üéì Laureati residenti a *Firenze* e *Bologna* (ultimo anno disponibile)  ‚öôÔ∏è **Comandi rapidi**: ‚Ä¢ /start ‚Üí messaggio di benvenuto ‚Ä¢ /help ‚Üí questa guida ‚Ä¢ /info ‚Üí informazioni sul bot ‚Ä¢ /plot ‚Üí genera un grafico a partire da una query   üîë **Variabili disponibili (esempi)**: `anno`, `anno_di_imposta`, `pop_totale`, `iscritti_altrocom_com`, `iscritti_estero_com`, `iscritti_altri_com`, `cancellati_altrocom_com`, `cancellati_estero_com`, `cancellati_altri_com`, `saldo_migratorio_tot_com`, `saldo_migratorio_estero_com`, `laureati_tot`, `laureati_res_tot`, `laureati_res_femmine`, `laureati_res_maschi`, `numero_contribuenti`, `reddito_da_fabbricati_frequenza`, `reddito_da_fabbricati_ammontare_in_euro`, `reddito_da_lavoro_dipendente_frequenza`, `reddito_da_lavoro_dipendente_ammontare_in_euro`",HELP,,,1087,115
2025-09-08 17:10:45.908213,1074324540,giu,giu,gas,OUT,ERROR,'SocioEconomicBot' object has no attribute '_infer_comuni_from_text',,,,68,6
2025-09-08 17:29:01.785920,1074324540,giu,giu,gas,OUT,RESPONSE,"üìä **Come usare il bot**  Scrivimi una domanda sui dati socio-economici comunali.  ‚ú® **Esempi utili**: - üë• Popolazione di *Milano* e *Roma* - üë©‚Äçü¶≥ Pensionati a *Napoli* e *Milano* rispetto alla popolazione (2015-2023) - üíº Reddito medio a *Torino* nel tempo - üìà Gini index a *Bari* e *Palermo* - üéì Laureati residenti a *Firenze* e *Bologna* (ultimo anno disponibile)  ‚öôÔ∏è **Comandi rapidi**: ‚Ä¢ /start ‚Üí messaggio di benvenuto ‚Ä¢ /help ‚Üí questa guida ‚Ä¢ /info ‚Üí informazioni sul bot ‚Ä¢ /plot ‚Üí genera un grafico a partire da una query   üîë **Variabili disponibili (esempi)**: `anno`, `anno_di_imposta`, `pop_totale`, `iscritti_altrocom_com`, `iscritti_estero_com`, `iscritti_altri_com`, `cancellati_altrocom_com`, `cancellati_estero_com`, `cancellati_altri_com`, `saldo_migratorio_tot_com`, `saldo_migratorio_estero_com`, `laureati_tot`, `laureati_res_tot`, `laureati_res_femmine`, `laureati_res_maschi`, `numero_contribuenti`, `reddito_da_fabbricati_frequenza`, `reddito_da_fabbricati_ammontare_in_euro`, `reddito_da_lavoro_dipendente_frequenza`, `reddito_da_lavoro_dipendente_ammontare_in_euro`",HELP,,,1087,115
2025-10-16 16:31:58.597453,1074324540,giu,giu,gas,OUT,RESPONSE,"Ciao giu üëã  Sono il bot per esplorare i dati socio-economici comunali üáÆüáπ  Scrivimi una richiesta, ad esempio: ‚Ä¢ `Popolazione Bari e Napoli nel tempo` ‚Ä¢ `Reddito medio a Milano 2010-2020` ‚Ä¢ `Quota pensionati Roma e Firenze`  Per altri esempi digita /help üòâ",START,,,255,43
2025-10-16 16:32:50.547643,1074324540,giu,giu,gas,OUT,RESPONSE,"üìä **Come usare il bot**  Scrivimi una domanda sui dati socio-economici comunali.  ‚ú® **Esempi utili**: - üë• Popolazione di *Milano* e *Roma* - üë©‚Äçü¶≥ Pensionati a *Napoli* e *Milano* rispetto alla popolazione (2015-2023) - üíº Reddito medio a *Torino* nel tempo - üìà Gini index a *Bari* e *Palermo* - üéì Laureati residenti a *Firenze* e *Bologna* (ultimo anno disponibile)  ‚öôÔ∏è **Comandi rapidi**: ‚Ä¢ /start ‚Üí messaggio di benvenuto ‚Ä¢ /help ‚Üí questa guida ‚Ä¢ /info ‚Üí informazioni sul bot ‚Ä¢ /plot ‚Üí genera un grafico a partire da una query   üîë **Variabili disponibili (esempi)**: `anno`, `anno_di_imposta`, `pop_totale`, `iscritti_altrocom_com`, `iscritti_estero_com`, `iscritti_altri_com`, `cancellati_altrocom_com`, `cancellati_estero_com`, `cancellati_altri_com`, `saldo_migratorio_tot_com`, `saldo_migratorio_estero_com`, `laureati_tot`, `laureati_res_tot`, `laureati_res_femmine`, `laureati_res_maschi`, `numero_contribuenti`, `reddito_da_fabbricati_frequenza`, `reddito_da_fabbricati_ammontare_in_euro`, `reddito_da_lavoro_dipendente_frequenza`, `reddito_da_lavoro_dipendente_ammontare_in_euro`",HELP,,,1087,115
2025-10-16 16:33:02.832860,1074324540,giu,giu,gas,OUT,ERROR,'SocioEconomicBot' object has no attribute '_infer_comuni_from_text',,,,68,6
2025-10-16 16:33:32.384765,1074324540,giu,giu,gas,OUT,RESPONSE,"‚ÑπÔ∏è **Informazioni sul Bot**  üë®‚Äçüíª Autore: *Giulio Albano* (Univ. Bari, tirocinio Banca d'Italia) üìö Fonti: *ISTAT, MEF, MIUR, Infocamere, Eurostat*  üîé Il bot normalizza i dati, calcola metriche derivate (pro capite, percentuali, quote, crescite) e genera grafici leggibili. Perfetto per confronti tra comuni, serie storiche e analisi distributive.",INFO,,,345,48
2025-10-16 16:33:35.255680,1074324540,giu,giu,gas,OUT,RESPONSE,"üìä **Come usare il bot**  Scrivimi una domanda sui dati socio-economici comunali.  ‚ú® **Esempi utili**: - üë• Popolazione di *Milano* e *Roma* - üë©‚Äçü¶≥ Pensionati a *Napoli* e *Milano* rispetto alla popolazione (2015-2023) - üíº Reddito medio a *Torino* nel tempo - üìà Gini index a *Bari* e *Palermo* - üéì Laureati residenti a *Firenze* e *Bologna* (ultimo anno disponibile)  ‚öôÔ∏è **Comandi rapidi**: ‚Ä¢ /start ‚Üí messaggio di benvenuto ‚Ä¢ /help ‚Üí questa guida ‚Ä¢ /info ‚Üí informazioni sul bot ‚Ä¢ /plot ‚Üí genera un grafico a partire da una query   üîë **Variabili disponibili (esempi)**: `anno`, `anno_di_imposta`, `pop_totale`, `iscritti_altrocom_com`, `iscritti_estero_com`, `iscritti_altri_com`, `cancellati_altrocom_com`, `cancellati_estero_com`, `cancellati_altri_com`, `saldo_migratorio_tot_com`, `saldo_migratorio_estero_com`, `laureati_tot`, `laureati_res_tot`, `laureati_res_femmine`, `laureati_res_maschi`, `numero_contribuenti`, `reddito_da_fabbricati_frequenza`, `reddito_da_fabbricati_ammontare_in_euro`, `reddito_da_lavoro_dipendente_frequenza`, `reddito_da_lavoro_dipendente_ammontare_in_euro`",HELP,,,1087,115
2025-10-16 18:24:49.658101,1074324540,giu,giu,gas,OUT,RESPONSE,"üìä **Come usare il bot**  Scrivimi una domanda sui dati socio-economici comunali.  ‚ú® **Esempi utili**: - üë• Popolazione di *Milano* e *Roma* - üë©‚Äçü¶≥ Pensionati a *Napoli* e *Milano* rispetto alla popolazione (2015-2023) - üíº Reddito medio a *Torino* nel tempo - üìà Gini index a *Bari* e *Palermo* - üéì Laureati residenti a *Firenze* e *Bologna* (ultimo anno disponibile)  ‚öôÔ∏è **Comandi rapidi**: ‚Ä¢ /start ‚Üí messaggio di benvenuto ‚Ä¢ /help ‚Üí questa guida ‚Ä¢ /info ‚Üí informazioni sul bot ‚Ä¢ /plot ‚Üí genera un grafico a partire da una query   üîë **Variabili disponibili (esempi)**: `anno`, `anno_di_imposta`, `pop_totale`, `iscritti_altrocom_com`, `iscritti_estero_com`, `iscritti_altri_com`, `cancellati_altrocom_com`, `cancellati_estero_com`, `cancellati_altri_com`, `saldo_migratorio_tot_com`, `saldo_migratorio_estero_com`, `laureati_tot`, `laureati_res_tot`, `laureati_res_femmine`, `laureati_res_maschi`, `numero_contribuenti`, `reddito_da_fabbricati_frequenza`, `reddito_da_fabbricati_ammontare_in_euro`, `reddito_da_lavoro_dipendente_frequenza`, `reddito_da_lavoro_dipendente_ammontare_in_euro`",HELP,,,1087,115
2025-10-17 10:12:52.292081,1074324540,giu,giu,gas,OUT,RESPONSE,"üìä **Come usare il bot**  Scrivimi una domanda sui dati socio-economici comunali.  ‚ú® **Esempi utili**: - üë• Popolazione di *Milano* e *Roma* - üë©‚Äçü¶≥ Pensionati a *Napoli* e *Milano* rispetto alla popolazione (2015-2023) - üíº Reddito medio a *Torino* nel tempo - üìà Gini index a *Bari* e *Palermo* - üéì Laureati residenti a *Firenze* e *Bologna* (ultimo anno disponibile)  ‚öôÔ∏è **Comandi rapidi**: ‚Ä¢ /start ‚Üí messaggio di benvenuto ‚Ä¢ /help ‚Üí questa guida ‚Ä¢ /info ‚Üí informazioni sul bot ‚Ä¢ /plot ‚Üí genera un grafico a partire da una query   üîë **Variabili disponibili (esempi)**: `anno`, `anno_di_imposta`, `pop_totale`, `iscritti_altrocom_com`, `iscritti_estero_com`, `iscritti_altri_com`, `cancellati_altrocom_com`, `cancellati_estero_com`, `cancellati_altri_com`, `saldo_migratorio_tot_com`, `saldo_migratorio_estero_com`, `laureati_tot`, `laureati_res_tot`, `laureati_res_femmine`, `laureati_res_maschi`, `numero_contribuenti`, `reddito_da_fabbricati_frequenza`, `reddito_da_fabbricati_ammontare_in_euro`, `reddito_da_lavoro_dipendente_frequenza`, `reddito_da_lavoro_dipendente_ammontare_in_euro`",HELP,,,1087,115
2025-10-17 11:15:38.881224,1074324540,giu,giu,gas,OUT,RESPONSE,"Ciao giu √∞≈∏‚Äò‚Äπ  Sono il bot per esplorare i dati socio-economici comunali √∞≈∏‚Ä°¬Æ√∞≈∏‚Ä°¬π  Scrivimi una richiesta, ad esempio: √¢‚Ç¨¬¢ `Popolazione Bari e Napoli nel tempo` √¢‚Ç¨¬¢ `Reddito medio a Milano 2010-2020` √¢‚Ç¨¬¢ `Quota pensionati Roma e Firenze`  Per altri esempi digita /help √∞≈∏Àú‚Ä∞",START,,,273,43
2025-10-17 11:15:58.638006,1074324540,giu,giu,gas,OUT,RESPONSE,"√¢‚Äû¬π√Ø¬∏¬è **Informazioni sul Bot**  √∞≈∏‚Äò¬®√¢‚Ç¨¬ç√∞≈∏‚Äô¬ª Autore: *Giulio Albano* (Univ. Bari, tirocinio Banca d'Italia) √∞≈∏‚Äú≈° Fonti: *ISTAT, MEF, MIUR, Infocamere, Eurostat*  √∞≈∏‚Äù≈Ω Il bot normalizza i dati, calcola metriche derivate (pro capite, percentuali, quote, crescite) e genera grafici leggibili. Perfetto per confronti tra comuni, serie storiche e analisi distributive.",INFO,,,363,48
2025-11-05 23:40:31.453693;1074324540;giu;giu;gas;OUT;RESPONSE;Ciao giu \U0001F44B  Sono il bot per esplorare i dati socio-economici comunali \U0001F1EE\U0001F1F9  Scrivimi una richiesta, ad esempio: ‚Ä¢ `Popolazione Bari e Napoli nel tempo` ‚Ä¢ `Reddito medio a Milano 2010-2020` ‚Ä¢ `Quota pensionati Roma e Firenze`  Per altri esempi digita /help \U0001F609;START;;;291;43
2025-11-05 23:40:37.534012;1074324540;giu;giu;gas;OUT;RESPONSE;Ciao giu \U0001F44B  Sono il bot per esplorare i dati socio-economici comunali \U0001F1EE\U0001F1F9  Scrivimi una richiesta, ad esempio: ‚Ä¢ `Popolazione Bari e Napoli nel tempo` ‚Ä¢ `Reddito medio a Milano 2010-2020` ‚Ä¢ `Quota pensionati Roma e Firenze`  Per altri esempi digita /help \U0001F609;START;;;291;43
2025-11-05 23:40:40.305051;1074324540;giu;giu;gas;OUT;RESPONSE;\u2139\uFE0F **Informazioni sul Bot**  \U0001F468\u200D\U0001F4BB Autore: *Giulio Albano* (Univ. Bari, tirocinio Banca d'Italia) \U0001F4DA Fonti: *ISTAT, MEF, MIUR, Infocamere, Eurostat*  \U0001F50E Il bot normalizza i dati, calcola metriche derivate (pro capite, percentuali, quote, crescite) e genera grafici leggibili. Perfetto per confronti tra comuni, serie storiche e analisi distributive.  \U0001F4C5 Ultimo anno disponibile: *2023* \U0001F4C4 Coverage righe: *195,756x82* \U0001F4C1 Fonti attive nel dataset: *ISTAT, Infocamere/Brevetti, MEF*;INFO;;;551;65
2025-11-06 00:00:17.003304;1074324540;giu;giu;gas;OUT;RESPONSE;"Ciao giu! üëã

Sono il tuo bot sui dati socio‚Äëeconomici üáÆüáπ

Esempi pronti:
‚Ä¢ Popolazione Bari e Napoli nel tempo
‚Ä¢ Reddito medio a Milano 2010‚Äì2020
‚Ä¢ Quota pensionati Roma e Firenze

Scrivi la tua richiesta o usa /help.";START;;;217;39
2025-11-06 00:01:02.972067;1074324540;giu;giu;gas;OUT;ERROR;Missing optional dependency 'tabulate'.  Use pip or conda to install tabulate.;;;;78;11
2025-11-06 00:32:35.428537;1074324540;giu;giu;gas;OUT;RESPONSE;"Ciao giu! üëã

Sono il tuo bot sui dati socio‚Äëeconomici üáÆüáπ

Esempi pronti:
‚Ä¢ Popolazione Bari e Napoli nel tempo
‚Ä¢ Reddito medio a Milano 2010‚Äì2020
‚Ä¢ Quota pensionati Roma e Firenze

Scrivi la tua richiesta o usa /help.";START;;;217;39
2025-11-06 00:52:36.509279;1074324540;giu;giu;gas;OUT;RESPONSE;Ciao giu! üëã  Sono il tuo bot sui dati socio-economici üáÆüáπ  Esempi pronti: ‚Ä¢ Popolazione Bari e Napoli nel tempo ‚Ä¢ Reddito medio a Milano 2010‚Äì2020 ‚Ä¢ Quota pensionati Roma e Firenze  Scrivi la tua richiesta o usa /help.;START;;;217;39
2025-11-06 00:52:45.223287;1074324540;giu;giu;gas;OUT;RESPONSE;‚ÑπÔ∏è **Informazioni sul Bot**  üë®‚Äçüíª Autore: *Giulio Albano* (Univ. Bari, tirocinio Banca d'Italia) üìö Fonti: *ISTAT, MEF, MIUR, Infocamere, Eurostat*  üîé Il bot normalizza i dati, calcola metriche derivate (pro capite, percentuali, quote, crescite) e genera grafici leggibili. Perfetto per confronti tra comuni, serie storiche e analisi distributive.  üìÖ Ultimo anno disponibile: *2023* üìÑ Coverage righe: *195,756x82* üìÅ Fonti attive nel dataset: *ISTAT, Infocamere/Brevetti, MEF*;INFO;;;473;65
2025-11-06 01:13:43.332921;1074324540;giu;giu;gas;OUT;RESPONSE;‚ÑπÔ∏è **Informazioni sul Bot**  üë®‚Äçüíª Autore: *Giulio Albano* (Univ. Bari, tirocinio Banca d'Italia) üìö Fonti: *ISTAT, MEF, MIUR, Infocamere, Eurostat*  üîé Il bot normalizza i dati, calcola metriche derivate (pro capite, percentuali, quote, crescite) e genera grafici leggibili. Perfetto per confronti tra comuni, serie storiche e analisi distributive.  üìÖ Ultimo anno disponibile: *2023* üìÑ Coverage righe: *195.756x82* üìÅ Fonti attive nel dataset: *codice_istat_regione, istat_comune, provincia_norm_mef, regione_mef*;INFO;;;509;66
2025-11-06 01:14:08.632785;1074324540;giu;giu;gas;OUT;RESPONSE;‚ÑπÔ∏è **Informazioni sul Bot**  üë®‚Äçüíª Autore: *Giulio Albano* (Univ. Bari, tirocinio Banca d'Italia) üìö Fonti: *ISTAT, MEF, MIUR, Infocamere, Eurostat*  üîé Il bot normalizza i dati, calcola metriche derivate (pro capite, percentuali, quote, crescite) e genera grafici leggibili. Perfetto per confronti tra comuni, serie storiche e analisi distributive.  üìÖ Ultimo anno disponibile: *2023* üìÑ Coverage righe: *195.756x82* üìÅ Fonti attive nel dataset: *codice_istat_regione, istat_comune, provincia_norm_mef, regione_mef*;INFO;;;509;66
2025-11-06 01:14:13.825826;1074324540;giu;giu;gas;OUT;ERROR;no numeric data to plot;;;;23;5
2025-11-06 01:16:33.416987;1074324540;giu;giu;gas;OUT;ERROR;no numeric data to plot;;;;23;5
2025-11-06 01:26:54.778396;1074324540;giu;giu;gas;OUT;RESPONSE;‚ÑπÔ∏è **Informazioni sul Bot**  üë®‚Äçüíª Autore: *Giulio Albano* (Univ. Bari, tirocinio Banca d'Italia) üìö Fonti: *ISTAT, MEF, MIUR, Infocamere, Eurostat*  üîé Il bot normalizza i dati, calcola metriche derivate (pro capite, percentuali, quote, crescite) e genera grafici leggibili. Perfetto per confronti tra comuni, serie storiche e analisi distributive.  üìÖ Ultimo anno disponibile: *2023* üìÑ Coverage righe: *195.756x82* üìÅ Fonti attive nel dataset: *codice_istat_regione, istat_comune, provincia_norm_mef, regione_mef*;INFO;;;509;66
2025-11-06 01:26:58.554859;1074324540;giu;giu;gas;OUT;ERROR;no numeric data to plot;;;;23;5
2025-11-06 01:27:00.881347;1074324540;giu;giu;gas;OUT;ERROR;no numeric data to plot;;;;23;5
